id,timestamp,temperature
1,2019-03-18 16:35:39,14.0
2,2019-03-18 16:36:54,19.0
3,2019-03-18 17:18:42,10.0
4,2019-03-18 17:18:42,18.0
5,2019-03-18 17:18:42,12.0
6,2019-03-18 17:18:42,14.0
7,2019-03-18 17:18:42,10.0
8,2019-03-18 17:19:04,10.0
9,2019-03-18 17:19:04,15.0
10,2019-03-18 17:19:04,19.0
11,2019-03-18 17:19:04,16.0
12,2019-03-18 17:19:04,12.0
13,2019-04-09 15:47:36,14.0
14,2019-04-09 18:12:13,23.0
15,2019-04-09 18:15:01,32.0
16,2019-04-09 18:19:51,18.0
17,2019-04-09 18:20:37,30.0
18,2019-04-09 18:42:11,19.5
19,2019-04-09 18:44:26,30.0
20,2019-04-09 18:46:29,32.5
21,2019-04-25 17:51:20,34.2
22,2019-04-25 17:12:48,28.5
23,2019-04-29 16:17:01,20.0
24,2019-04-29 23:04:41,21.0
25,2019-05-02 14:19:57,24.0
26,2019-05-02 14:20:03,24.0
27,2019-05-02 14:20:31,24.0
28,2019-05-02 14:21:41,21.5
29,2019-05-02 14:22:22,21.5
30,2019-05-02 14:22:27,21.5
31,2019-05-02 14:22:29,21.5
32,2019-05-02 14:23:34,21.5
33,2019-05-02 14:24:06,21.5
34,2019-05-02 14:40:14,21.5
35,2019-05-02 14:40:31,21.5
36,2019-05-02 14:40:37,21.5
37,2019-05-02 14:40:41,21.5
38,2019-05-02 14:40:43,21.5
39,2019-05-02 14:40:48,21.5
40,2019-05-02 14:40:51,21.5
41,2019-05-02 14:40:57,21.0
42,2019-05-02 14:40:58,23.0
43,2019-05-02 14:41:02,22.0
44,2019-05-02 14:41:04,33.0
45,2019-05-02 14:41:09,34.0
46,2019-05-02 14:41:10,34.0
47,2019-05-02 14:41:24,35.0
48,2019-05-02 14:46:49,18.5
49,2019-05-02 14:48:56,18.5
50,2019-05-02 14:48:58,18.5
51,2019-05-02 14:48:59,18.5
52,2019-05-02 14:49:00,18.5
53,2019-05-02 14:49:06,13.5
54,2019-05-02 14:49:19,13.5
55,2019-05-02 14:49:32,13.5
56,2019-05-02 14:49:39,13.5
57,2019-05-02 14:49:46,13.5
58,2019-05-02 14:49:47,13.5
59,2019-05-02 14:49:48,13.5
60,2019-05-02 14:49:49,13.5
61,2019-05-02 14:49:50,13.5
62,2019-05-02 14:50:11,23.5
63,2019-05-02 14:50:12,23.5
64,2019-05-02 14:50:13,23.5
65,2019-05-02 14:50:38,24.5
66,2019-05-02 14:50:39,24.5
67,2019-05-02 14:50:40,24.5
68,2019-05-02 14:50:41,24.5
69,2019-05-02 14:50:42,24.5
70,2019-05-02 14:50:43,24.5
71,2019-05-02 14:50:44,24.5
72,2019-05-02 14:50:45,24.5
73,2019-05-02 14:51:53,24.5
74,2019-05-02 14:52:01,34.5
75,2019-05-02 14:52:02,34.5
76,2019-05-02 14:52:12,34.5
77,2019-05-02 14:52:13,34.5
78,2019-05-02 14:52:14,34.5
79,2019-05-02 14:52:36,34.5
80,2019-05-02 14:52:37,34.5
81,2019-05-02 14:52:38,34.5
82,2019-05-02 14:52:39,34.5
83,2019-05-02 14:52:40,34.5
84,2019-05-02 14:52:40,34.5
85,2019-05-02 14:52:41,34.5
86,2019-05-02 14:52:42,34.5
87,2019-05-02 14:52:44,34.5
88,2019-05-02 14:52:52,35.5
89,2019-05-02 14:52:53,35.5
90,2019-05-02 14:52:54,35.5
91,2019-05-02 14:53:17,35.5
92,2019-05-02 14:53:50,35.5
93,2019-05-02 14:53:52,35.5
94,2019-05-02 14:54:25,23.5
95,2019-05-02 14:54:26,23.5
96,2019-05-02 14:54:27,23.5
97,2019-05-02 14:54:36,23.8
98,2019-05-02 14:54:37,23.8
99,2019-05-02 14:54:39,23.8
100,2019-05-02 14:54:41,23.8
101,2019-05-02 14:54:49,24.8
102,2019-05-02 14:54:50,24.8
103,2019-05-02 14:54:52,24.8
104,2019-05-02 14:55:00,24.0
105,2019-05-02 14:55:01,24.0
106,2019-05-02 14:55:10,28.0
107,2019-05-02 14:55:11,28.0
108,2019-05-02 14:56:06,38.6
109,2019-05-02 14:56:07,38.6
110,2019-05-02 14:56:07,38.6
111,2019-05-02 14:56:12,30.6
112,2019-05-02 14:56:13,30.6
113,2019-05-02 14:56:23,30.6
114,2019-05-02 14:56:30,39.6
115,2019-05-02 14:56:37,39.6
116,2019-05-02 14:56:38,39.6
117,2019-05-02 14:56:42,39.6
118,2019-05-02 14:56:43,39.6
119,2019-05-02 14:57:00,33.6
120,2019-05-02 14:57:01,33.6
121,2019-05-02 14:57:03,33.6
122,2019-05-02 14:57:09,33.0
123,2019-05-02 14:57:10,33.0
124,2019-05-02 15:06:27,23.5
125,2019-05-02 15:06:30,23.5
126,2019-05-02 15:06:32,23.5
127,2019-05-02 15:13:14,23.5
128,2019-05-02 15:13:16,23.5
129,2019-05-02 15:13:48,20.5
130,2019-05-02 15:13:50,20.5
131,2019-05-02 15:13:52,20.5
132,2019-05-02 15:13:57,20.9
133,2019-05-02 15:13:58,20.9
134,2019-05-02 15:14:00,20.9
135,2019-05-02 15:14:05,18.9
136,2019-05-02 15:14:07,18.9
137,2019-05-02 15:14:08,18.9
138,2019-05-02 15:14:17,21.9
139,2019-05-02 15:14:18,21.9
140,2019-05-02 15:26:00,22.8
141,2019-05-02 15:26:49,22.8
142,2019-05-02 15:27:05,20.8
143,2019-05-02 15:27:12,20.8
144,2019-05-02 15:27:19,19.8
145,2019-05-02 15:29:35,23.9
146,2019-05-02 15:50:55,24.5
147,2019-05-02 15:51:29,21.5
148,2019-05-02 16:10:37,18.0
149,2019-05-02 16:24:24,20.0
150,2019-05-02 16:48:55,20.0
151,2019-05-02 16:48:57,20.0
152,2019-05-02 16:49:00,20.0
153,2019-05-02 16:57:33,35.0
154,2019-05-02 17:26:07,32.5
155,2019-05-20 13:39:57,2.0
156,2019-05-20 13:40:07,2.0
157,2019-05-20 13:40:17,2.0
158,2019-05-20 13:40:28,2.0
159,2019-05-20 13:40:40,2.0
160,2019-05-20 13:40:52,2.0
161,2019-05-20 13:41:07,2.0
162,2019-05-20 13:41:20,2.0
163,2019-05-20 13:41:37,2.0
164,2019-05-20 13:41:47,2.0
165,2019-05-20 13:41:58,2.0
166,2019-05-20 13:42:12,2.0
167,2019-05-20 13:42:22,2.0
168,2019-05-20 13:42:34,2.0
169,2019-05-20 13:42:55,2.0
170,2019-05-20 13:43:30,2.0
171,2019-05-20 13:43:42,2.0
172,2019-05-20 13:43:52,2.0
173,2019-05-20 13:44:03,2.0
174,2019-05-20 13:44:39,2.0
175,2019-05-20 13:44:51,2.0
176,2019-05-20 13:45:05,2.0
177,2019-05-20 13:45:46,2.0
178,2019-05-20 13:45:58,2.0
179,2019-05-20 13:46:10,2.0
180,2019-05-20 13:46:26,2.0
181,2019-05-20 13:46:37,2.0
182,2019-05-20 13:46:47,2.0
183,2019-05-20 13:47:00,2.0
184,2019-05-20 13:47:12,2.0
185,2019-05-20 13:47:24,2.0
186,2019-05-20 13:48:40,2.0
187,2019-05-20 13:48:51,2.0
188,2019-05-20 13:49:07,2.0
189,2019-05-20 13:49:19,2.0
190,2019-05-20 13:57:43,2.0
191,2019-05-20 14:06:33,2.0
192,2019-05-20 14:06:43,2.0
193,2019-05-20 14:06:53,2.0
194,2019-05-20 14:07:03,2.0
195,2019-05-20 14:07:14,2.0
196,2019-05-20 14:07:24,2.0
197,2019-05-20 14:07:34,2.0
198,2019-05-20 14:07:44,2.0
199,2019-05-20 14:07:54,2.0
200,2019-05-20 14:08:05,2.0
201,2019-05-20 14:08:15,2.0
202,2019-05-20 14:08:25,2.0
203,2019-05-20 14:08:35,2.0
204,2019-05-20 14:08:50,2.0
205,2019-05-20 14:09:00,2.0
206,2019-05-20 14:09:10,2.0
207,2019-05-20 14:09:21,2.0
208,2019-05-20 14:09:31,2.0
209,2019-05-20 14:09:41,2.0
210,2019-05-20 14:09:54,2.0
211,2019-05-20 14:10:24,2.0
212,2019-05-20 14:10:35,2.0
213,2019-05-20 14:10:50,2.0
214,2019-05-20 14:11:00,2.0
215,2019-05-20 14:11:11,2.0
216,2019-05-20 14:11:21,2.0
217,2019-05-20 14:11:35,2.0
218,2019-05-20 14:11:46,2.0
219,2019-05-20 14:11:57,2.0
220,2019-05-20 14:12:08,2.0
221,2019-05-20 14:12:18,2.0
222,2019-05-20 14:12:28,2.0
223,2019-05-20 14:12:39,2.0
224,2019-05-20 14:12:49,2.0
225,2019-05-20 14:13:00,2.0
226,2019-05-20 14:13:10,2.0
227,2019-05-20 14:13:21,2.0
228,2019-05-20 14:13:31,2.0
229,2019-05-20 14:13:42,2.0
230,2019-05-20 14:13:52,2.0
231,2019-05-20 14:14:02,2.0
232,2019-05-20 14:14:12,2.0
233,2019-05-20 14:14:22,2.0
234,2019-05-20 14:14:32,2.0
235,2019-05-20 14:14:42,2.0
236,2019-05-20 14:14:52,2.0
237,2019-05-20 14:15:03,2.0
238,2019-05-20 14:15:13,2.0
239,2019-05-20 14:15:23,2.0
240,2019-05-20 14:15:33,2.0
241,2019-05-20 14:15:43,2.0
242,2019-05-20 14:15:54,2.0
243,2019-05-20 14:16:04,2.0
244,2019-05-20 14:16:14,2.0
245,2019-05-20 14:16:28,2.0
246,2019-05-20 14:16:42,2.0
247,2019-05-20 14:17:34,14.31
248,2019-05-20 14:17:45,15.06
249,2019-05-20 14:17:58,14.87
250,2019-05-20 14:18:09,15.44
251,2019-05-20 14:18:20,15.25
252,2019-05-20 14:18:35,15.63
253,2019-05-20 14:18:48,13.38
254,2019-05-20 14:18:59,13.75
255,2019-05-20 14:19:10,2.69
256,2019-05-20 14:19:22,2.12
257,2019-05-20 14:19:33,1.06
258,2019-05-20 14:19:44,1.19
259,2019-05-20 14:19:58,0.94
260,2019-05-20 14:20:09,1.69
261,2019-05-20 14:20:22,2.19
262,2019-05-20 14:20:33,3.12
263,2019-05-20 14:20:45,3.5
264,2019-05-20 14:20:57,4.5
265,2019-05-20 14:21:08,1.56
266,2019-05-20 14:21:20,2.87
267,2019-05-20 14:21:33,2.62
268,2019-05-20 14:21:49,2.69
269,2019-05-20 14:22:01,2.19
270,2019-05-20 14:22:15,1.81
271,2019-05-20 14:22:27,2.69
272,2019-05-20 14:22:38,3.12
273,2019-05-20 14:22:50,3.75
274,2019-05-20 14:23:04,3.25
275,2019-05-20 14:23:16,3.0
276,2019-05-20 14:23:33,2.75
277,2019-05-20 14:23:45,2.94
278,2019-05-20 14:23:58,3.44
279,2019-05-20 14:24:11,3.62
280,2019-05-20 14:24:23,3.37
281,2019-05-20 14:24:35,3.0
282,2019-05-20 14:24:48,3.06
283,2019-05-20 14:25:05,3.0
284,2019-05-20 14:25:28,3.06
285,2019-05-20 14:25:33,2.37
286,2019-05-20 14:25:45,2.31
287,2019-05-20 14:25:57,2.56
288,2019-05-20 14:26:09,2.19
289,2019-05-20 14:26:20,2.06
290,2019-05-20 14:26:33,2.37
291,2019-05-20 14:26:48,2.31
292,2019-05-20 14:27:09,2.81
293,2019-05-20 14:27:23,3.0
294,2019-05-20 14:27:35,2.44
295,2019-05-20 14:27:50,1.75
296,2019-05-20 14:28:02,2.31
297,2019-05-20 14:28:14,1.81
298,2019-05-20 14:28:25,1.75
299,2019-05-20 14:28:37,2.06
300,2019-05-20 14:28:48,2.12
301,2019-05-20 14:28:59,1.75
302,2019-05-20 14:29:11,1.75
303,2019-05-20 14:29:22,2.0
304,2019-05-20 14:29:36,2.19
305,2019-05-20 14:29:49,2.37
306,2019-05-20 14:30:00,1.69
307,2019-05-20 14:30:12,2.5
308,2019-05-20 14:30:23,2.75
309,2019-05-20 14:30:35,3.0
310,2019-05-20 14:30:46,2.31
311,2019-05-20 14:30:58,2.56
312,2019-05-20 14:31:09,2.31
313,2019-05-20 14:31:20,2.37
314,2019-05-20 14:31:32,2.75
315,2019-05-20 14:31:43,2.5
316,2019-05-20 14:31:54,2.69
317,2019-05-20 14:32:06,2.5
318,2019-05-20 14:35:42,3.0
319,2019-05-20 14:35:53,2.81
320,2019-05-20 14:36:04,2.56
321,2019-05-20 14:36:16,2.56
322,2019-05-20 14:36:27,3.5
323,2019-05-20 14:36:38,3.44
324,2019-05-20 14:36:50,3.31
325,2019-05-20 14:37:01,2.94
326,2019-05-20 14:37:13,4.06
327,2019-05-20 14:37:25,3.5
328,2019-05-20 14:37:36,3.81
329,2019-05-20 14:37:48,1.94
330,2019-05-20 14:38:02,1.81
331,2019-05-20 14:38:14,2.31
332,2019-05-20 14:38:26,2.69
333,2019-05-20 14:38:37,2.56
334,2019-05-20 14:38:49,2.69
335,2019-05-20 14:39:03,2.62
336,2019-05-20 14:39:16,3.0
337,2019-05-20 14:39:27,2.81
338,2019-05-20 14:39:38,4.12
339,2019-05-20 14:39:50,3.31
340,2019-05-20 14:40:06,2.69
341,2019-05-20 14:40:18,3.5
342,2019-05-20 14:40:29,2.56
343,2019-05-20 14:40:40,2.06
344,2019-05-20 14:40:51,2.56
345,2019-05-20 14:41:03,4.0
346,2019-05-20 14:41:14,2.81
347,2019-05-20 14:41:25,3.19
348,2019-05-20 14:41:37,3.25
349,2019-05-20 14:41:48,3.69
350,2019-05-20 14:41:59,2.56
351,2019-05-20 14:42:11,3.19
352,2019-05-20 14:42:22,3.25
353,2019-05-20 14:42:33,3.44
354,2019-05-20 14:42:46,3.75
355,2019-05-20 14:42:58,3.37
356,2019-05-20 14:43:13,3.25
357,2019-05-20 14:43:25,4.87
358,2019-05-20 14:43:39,4.5
359,2019-05-20 14:43:51,2.94
360,2019-05-20 14:44:02,4.5
361,2019-05-20 14:44:13,3.62
362,2019-05-20 14:44:24,3.44
363,2019-05-20 14:44:36,3.69
364,2019-05-20 14:44:49,3.44
365,2019-05-20 14:45:01,3.31
366,2019-05-20 14:45:13,3.0
367,2019-05-20 14:45:24,3.06
368,2019-05-20 14:45:35,3.06
369,2019-05-20 14:45:46,2.44
370,2019-05-20 14:45:58,3.0
371,2019-05-20 14:46:09,2.62
372,2019-05-20 14:46:21,3.0
373,2019-05-20 14:46:32,2.69
374,2019-05-20 14:46:44,2.56
375,2019-05-20 14:46:56,1.87
376,2019-05-20 14:47:24,1.94
377,2019-05-20 14:48:25,2.5
378,2019-05-20 14:48:39,1.87
379,2019-05-20 14:48:51,2.0
380,2019-05-20 14:49:11,1.75
381,2019-05-20 14:49:23,2.37
382,2019-05-20 14:49:36,2.19
383,2019-05-20 14:49:52,2.5
384,2019-05-20 14:50:20,2.44
385,2019-05-20 14:50:32,2.75
386,2019-05-20 14:50:43,3.06
387,2019-05-20 14:50:55,3.0
388,2019-05-20 14:51:10,3.06
389,2019-05-20 14:51:25,2.19
390,2019-05-20 14:51:53,3.0
391,2019-05-20 14:52:04,2.94
392,2019-05-20 14:52:16,3.12
393,2019-05-20 14:52:28,3.5
394,2019-05-20 14:52:39,2.94
395,2019-05-20 14:52:50,2.56
396,2019-05-20 14:53:01,2.56
397,2019-05-20 14:53:13,2.37
398,2019-05-20 14:53:24,2.19
399,2019-05-20 14:53:38,2.44
400,2019-05-20 14:53:51,2.56
401,2019-05-20 14:54:03,2.31
402,2019-05-20 14:54:14,2.37
403,2019-05-20 14:54:25,2.12
404,2019-05-20 14:54:37,2.19
405,2019-05-20 14:55:09,2.12
406,2019-05-20 14:55:22,2.12
407,2019-05-20 14:55:34,2.12
408,2019-05-20 14:55:45,2.25
409,2019-05-20 14:55:57,2.19
410,2019-05-20 14:56:09,2.44
411,2019-05-20 14:56:20,2.44
412,2019-05-20 14:56:32,2.37
413,2019-05-20 14:56:43,2.37
414,2019-05-20 14:56:57,1.44
415,2019-05-20 14:57:09,2.69
416,2019-05-20 14:57:23,2.31
417,2019-05-20 14:57:35,2.56
418,2019-05-20 14:57:46,2.75
419,2019-05-20 14:57:57,2.81
420,2019-05-20 14:58:10,2.12
421,2019-05-20 14:58:21,2.19
422,2019-05-20 14:58:35,2.87
423,2019-05-20 14:58:50,2.75
424,2019-05-20 14:59:02,2.81
425,2019-05-20 14:59:32,2.69
426,2019-05-20 14:59:33,2.37
427,2019-05-20 14:59:45,2.87
428,2019-05-20 14:59:59,2.62
429,2019-05-20 15:00:14,2.56
430,2019-05-20 15:00:25,2.69
431,2019-05-20 15:00:53,2.62
432,2019-05-20 15:01:16,2.5
433,2019-05-20 15:01:22,3.0
434,2019-05-20 15:01:33,2.75
435,2019-05-20 15:01:45,2.44
436,2019-05-20 15:01:56,1.87
437,2019-05-20 15:02:27,2.06
438,2019-05-20 15:02:39,2.06
439,2019-05-20 15:02:51,1.94
440,2019-05-20 15:03:02,2.06
441,2019-05-20 15:03:16,2.44
442,2019-05-20 15:03:28,2.62
443,2019-05-20 15:03:39,2.25
444,2019-05-20 15:03:52,2.12
445,2019-05-20 15:04:04,2.37
446,2019-05-20 15:04:19,2.12
447,2019-05-20 15:04:32,2.31
448,2019-05-20 15:04:44,2.25
449,2019-05-20 15:05:01,1.94
450,2019-05-20 15:05:13,1.81
451,2019-05-20 15:05:25,2.31
452,2019-05-20 15:05:37,2.12
453,2019-05-20 15:05:49,1.62
454,2019-05-20 15:06:04,2.0
455,2019-05-20 15:06:15,5.6
456,2019-05-20 15:06:28,6.0
457,2019-05-20 15:06:39,0.13
458,2019-05-20 15:06:55,0.13
459,2019-05-20 15:07:07,0.13
460,2019-05-20 15:07:20,0.13
461,2019-05-20 15:07:31,0.06
462,2019-05-20 15:07:43,0.25
463,2019-05-20 15:07:54,0.13
464,2019-05-20 15:08:05,0.5
465,2019-05-20 15:08:16,1.0
466,2019-05-20 15:08:28,0.81
467,2019-05-20 15:08:39,1.31
468,2019-05-20 15:08:50,1.06
469,2019-05-20 15:09:01,1.25
470,2019-05-20 15:09:13,1.44
471,2019-05-20 15:09:24,1.19
472,2019-05-20 15:09:35,0.69
473,2019-05-20 15:09:47,1.12
474,2019-05-20 15:09:58,0.69
475,2019-05-20 15:10:09,0.81
476,2019-05-20 15:10:20,1.25
477,2019-05-20 15:10:32,1.31
478,2019-05-20 15:10:43,0.69
479,2019-05-20 15:10:54,0.81
480,2019-05-20 15:11:06,0.62
481,2019-05-20 15:11:17,0.94
482,2019-05-20 15:11:28,0.75
483,2019-05-20 15:11:40,1.12
484,2019-05-20 15:11:51,2.12
485,2019-05-20 15:12:03,1.44
486,2019-05-20 15:12:14,1.31
487,2019-05-20 15:12:25,0.06
488,2019-05-20 15:12:36,0.31
489,2019-05-20 15:13:21,0.56
490,2019-05-20 15:13:33,0.69
491,2019-05-20 15:13:55,0.62
492,2019-05-20 15:14:06,0.62
493,2019-05-20 16:25:30,3.87
494,2019-05-20 16:25:42,5.19
495,2019-05-20 16:25:53,5.69
496,2019-05-20 16:26:04,6.12
497,2019-05-20 16:26:16,6.44
498,2019-05-20 16:26:27,5.5
499,2019-05-26 16:26:55,34.0
500,2019-05-26 16:27:49,34.0
501,2019-05-26 16:37:15,20.5
502,2019-05-26 16:45:19,25.5
503,2019-05-26 16:50:00,25.5
504,2019-05-26 16:57:03,26.5
505,2019-05-26 17:12:36,24.5
506,2019-05-26 17:14:31,14.5
507,2019-05-26 17:21:11,24.5
508,2019-05-27 10:49:13,25.54
509,2019-05-27 10:50:03,25.54
510,2019-05-27 10:50:13,25.54
511,2019-05-27 10:50:22,25.54
512,2019-05-27 10:50:38,25.54
513,2019-05-27 10:51:29,25.54
514,2019-05-27 10:51:39,25.54
515,2019-05-27 10:51:51,25.54
516,2019-05-27 10:52:01,25.54
517,2019-05-27 10:52:28,25.54
518,2019-05-27 10:52:31,25.54
519,2019-05-27 10:52:51,25.54
520,2019-05-27 10:53:03,25.54
521,2019-05-28 11:21:10,24.5
522,2019-05-28 11:33:11,20.5
523,2019-05-28 11:34:48,20.5
524,2019-05-28 11:38:34,20.5
525,2019-05-28 12:09:43,25.37
526,2019-05-28 12:09:45,85.0
527,2019-05-28 12:09:53,25.37
528,2019-05-28 12:10:00,25.37
529,2019-05-28 12:10:18,25.37
530,2019-05-28 12:10:22,25.37
531,2019-05-28 12:10:36,25.37
532,2019-05-28 12:10:53,25.37
533,2019-05-28 12:11:12,25.37
534,2019-05-28 12:11:18,25.37
535,2019-05-28 12:11:25,25.37
536,2019-05-28 12:11:32,25.37
537,2019-05-28 12:11:38,25.37
538,2019-05-28 12:11:45,25.37
539,2019-05-28 12:11:51,25.37
540,2019-05-28 12:11:58,25.37
541,2019-05-28 12:12:04,25.37
542,2019-05-28 12:12:11,25.37
543,2019-05-28 12:12:53,25.37
544,2019-05-28 12:13:00,25.37
545,2019-05-28 12:13:06,25.37
546,2019-05-28 12:13:13,25.37
547,2019-05-28 12:13:21,25.37
548,2019-05-28 12:13:29,25.37
549,2019-05-28 12:13:36,25.37
550,2019-05-28 12:13:42,25.37
551,2019-05-28 12:13:49,25.37
552,2019-05-28 12:13:55,25.37
553,2019-05-28 12:14:02,25.37
554,2019-05-28 12:14:08,25.37
555,2019-05-28 12:14:15,25.37
556,2019-05-28 12:14:21,25.37
557,2019-05-28 12:14:28,25.37
558,2019-05-28 12:14:35,25.37
559,2019-05-28 12:14:41,25.37
560,2019-05-28 12:14:48,25.37
561,2019-05-28 12:14:54,25.37
562,2019-05-28 12:15:00,25.37
563,2019-05-28 12:15:07,25.37
564,2019-05-28 12:15:13,25.37
565,2019-05-28 12:15:20,25.37
566,2019-05-28 12:15:26,25.37
567,2019-05-28 12:15:35,25.37
568,2019-05-28 12:15:46,25.37
569,2019-05-28 12:15:52,25.37
570,2019-05-28 12:15:59,25.37
571,2019-05-28 12:16:05,25.37
572,2019-05-28 12:16:12,25.37
573,2019-05-28 12:16:18,25.37
574,2019-05-28 12:24:41,25.31
575,2019-05-28 12:24:48,25.37
576,2019-05-28 12:24:54,25.31
577,2019-05-28 12:25:01,25.37
578,2019-05-28 12:25:07,25.31
579,2019-05-28 12:25:14,25.37
580,2019-05-28 12:25:20,25.31
581,2019-05-28 12:25:27,25.31
582,2019-05-28 12:25:33,25.31
583,2019-05-28 12:25:40,25.37
584,2019-05-28 12:25:46,25.31
585,2019-05-28 12:26:02,25.31
586,2019-05-28 12:26:12,25.31
587,2019-05-28 12:26:21,25.31
588,2019-05-28 12:26:31,25.31
589,2019-05-28 12:26:40,25.31
590,2019-05-28 12:26:49,25.31
591,2019-05-28 12:26:59,25.31
592,2019-05-28 12:27:13,25.31
593,2019-05-28 12:27:26,25.31
594,2019-05-28 12:27:33,25.31
595,2019-05-28 12:27:45,25.31
596,2019-05-28 12:27:54,25.31
597,2019-05-28 12:28:04,25.31
598,2019-05-28 12:28:15,25.31
599,2019-05-28 12:28:24,25.31
600,2019-05-28 12:28:33,25.31
601,2019-05-28 12:28:42,25.31
602,2019-05-28 12:28:51,25.31
603,2019-05-28 12:29:00,25.31
604,2019-05-28 12:29:09,25.31
605,2019-05-28 12:29:18,25.31
606,2019-05-28 12:29:27,25.31
607,2019-05-28 12:29:34,25.31
608,2019-05-28 12:29:40,25.31
609,2019-05-28 12:29:47,25.31
610,2019-05-28 12:29:53,25.31
611,2019-05-28 12:30:00,25.31
612,2019-05-28 12:30:06,25.31
613,2019-05-28 12:30:13,25.31
614,2019-05-28 12:30:20,25.31
615,2019-05-28 12:30:26,25.37
616,2019-05-28 12:30:32,25.37
617,2019-05-28 12:30:39,25.31
618,2019-05-28 12:30:45,25.31
619,2019-05-28 12:30:52,25.31
620,2019-05-28 12:31:04,25.31
621,2019-05-28 12:31:10,25.31
622,2019-05-28 12:31:16,25.31
623,2019-05-28 12:31:23,25.31
624,2019-05-28 12:31:29,25.31
625,2019-05-28 12:31:36,25.31
626,2019-05-28 12:31:42,25.31
627,2019-05-28 12:31:49,25.31
628,2019-05-28 12:31:55,25.31
629,2019-05-28 12:32:02,25.31
630,2019-05-28 12:32:08,25.31
631,2019-05-28 12:32:15,25.31
632,2019-05-28 12:32:21,25.31
633,2019-05-28 12:32:28,25.31
634,2019-05-28 12:32:34,25.37
635,2019-05-28 12:32:41,25.31
636,2019-05-28 12:32:47,25.31
637,2019-05-28 12:32:53,25.31
638,2019-05-28 12:33:00,25.31
639,2019-05-28 12:33:06,25.31
640,2019-05-28 12:33:13,25.31
641,2019-05-28 12:33:19,25.31
642,2019-05-28 12:33:26,25.31
643,2019-05-28 12:33:32,25.31
644,2019-05-28 12:33:38,25.31
645,2019-05-28 12:33:45,25.31
646,2019-05-28 12:33:51,25.31
647,2019-05-28 12:33:58,25.31
648,2019-05-28 12:34:04,25.31
649,2019-05-28 12:34:11,25.31
650,2019-05-28 12:34:17,25.31
651,2019-05-28 12:34:24,25.31
652,2019-05-28 12:34:30,25.31
653,2019-05-28 12:34:36,25.31
654,2019-05-28 12:34:43,25.31
655,2019-05-28 12:34:49,25.31
656,2019-05-28 12:34:56,25.31
657,2019-05-28 12:35:02,25.31
658,2019-05-28 12:35:09,25.31
659,2019-05-28 12:35:16,25.31
660,2019-05-28 12:35:22,25.31
661,2019-05-28 12:35:29,25.31
662,2019-05-28 12:35:35,25.31
663,2019-05-28 12:35:45,25.31
664,2019-05-28 12:35:52,25.31
665,2019-05-28 12:35:59,25.31
666,2019-05-28 12:36:05,25.31
667,2019-05-28 12:36:12,25.31
668,2019-05-28 12:36:19,25.31
669,2019-05-28 12:36:26,25.31
670,2019-05-28 12:36:32,25.31
671,2019-05-28 12:36:39,25.31
672,2019-05-28 12:36:45,25.31
673,2019-05-28 12:36:52,25.31
674,2019-05-28 12:36:58,25.31
675,2019-05-28 12:37:05,25.31
676,2019-05-28 12:37:11,25.31
677,2019-05-28 12:37:18,25.31
678,2019-05-28 12:37:24,25.31
679,2019-05-28 12:37:31,25.31
680,2019-05-28 12:37:37,25.31
681,2019-05-28 12:37:44,25.31
682,2019-05-28 12:37:50,25.31
683,2019-05-28 12:37:56,25.31
684,2019-05-28 12:38:03,25.31
685,2019-05-28 12:38:09,25.31
686,2019-05-28 12:38:16,25.31
687,2019-05-28 12:38:22,25.31
688,2019-05-28 12:38:29,25.31
689,2019-05-28 12:38:35,25.31
690,2019-05-28 12:38:41,25.31
691,2019-05-28 12:38:48,25.31
692,2019-05-28 12:38:54,25.31
693,2019-05-28 12:39:01,25.31
694,2019-05-28 12:39:07,25.31
695,2019-05-28 12:39:14,25.31
696,2019-05-28 12:39:22,25.31
697,2019-05-28 12:39:28,25.31
698,2019-05-28 12:39:34,25.31
699,2019-05-28 12:39:41,25.31
700,2019-05-28 12:39:51,25.31
701,2019-05-28 12:39:57,25.31
702,2019-05-28 12:40:04,25.31
703,2019-05-28 12:40:10,25.31
704,2019-05-28 12:40:17,25.31
705,2019-05-28 12:40:23,25.31
706,2019-05-28 12:40:30,25.31
707,2019-05-28 12:40:36,25.31
708,2019-05-28 12:40:43,25.31
709,2019-05-28 12:40:50,25.31
710,2019-05-28 12:40:57,25.31
711,2019-05-28 12:41:04,25.31
712,2019-05-28 12:41:11,25.31
713,2019-05-28 12:41:17,25.31
714,2019-05-28 12:41:25,25.31
715,2019-05-28 12:41:31,25.31
716,2019-05-28 12:41:38,25.31
717,2019-05-28 12:41:44,25.31
718,2019-05-28 12:41:51,25.31
719,2019-05-28 12:41:57,25.31
720,2019-05-28 12:42:04,25.31
721,2019-05-28 12:42:10,25.31
722,2019-05-28 12:42:17,25.31
723,2019-05-28 12:42:23,25.31
724,2019-05-28 12:42:30,25.31
725,2019-05-28 12:42:36,25.31
726,2019-05-28 12:42:43,25.31
727,2019-05-28 12:42:49,25.31
728,2019-05-28 12:42:56,25.31
729,2019-05-28 12:43:02,25.31
730,2019-05-28 12:43:09,25.31
731,2019-05-28 12:43:15,25.31
732,2019-05-28 12:43:21,25.31
733,2019-05-28 12:43:28,25.31
734,2019-05-28 12:43:49,25.31
735,2019-05-28 12:43:51,25.31
736,2019-05-28 12:44:03,25.31
737,2019-05-28 12:44:09,25.31
738,2019-05-28 12:44:17,25.31
739,2019-05-28 12:44:24,25.31
740,2019-05-28 12:44:31,25.31
741,2019-05-28 12:44:37,25.31
742,2019-05-28 12:44:44,25.31
743,2019-05-28 12:44:51,25.31
744,2019-05-28 12:44:57,25.31
745,2019-05-28 12:45:04,25.31
746,2019-05-28 12:45:11,25.31
747,2019-05-28 12:45:18,25.31
748,2019-05-28 12:45:24,25.31
749,2019-05-28 12:45:31,25.31
750,2019-05-28 12:45:37,25.31
751,2019-05-28 12:45:44,25.31
752,2019-05-28 12:45:50,25.31
753,2019-05-28 12:45:57,25.31
754,2019-05-28 12:46:03,25.31
755,2019-05-28 12:46:10,25.31
756,2019-05-28 12:46:16,25.31
757,2019-05-28 12:46:23,25.31
758,2019-05-28 12:46:34,25.31
759,2019-05-28 12:46:45,25.31
760,2019-05-28 12:47:00,25.31
761,2019-05-28 12:47:16,25.31
762,2019-05-28 12:47:45,25.31
763,2019-05-28 12:47:53,25.31
764,2019-05-28 12:48:04,25.31
765,2019-05-28 12:48:20,25.31
766,2019-05-28 12:48:50,25.31
767,2019-05-28 12:49:03,25.31
768,2019-05-28 12:49:14,25.31
769,2019-05-28 12:49:24,25.31
770,2019-05-28 12:50:07,25.31
771,2019-05-28 12:50:18,25.31
772,2019-05-28 12:50:39,25.31
773,2019-05-28 12:50:45,25.31
774,2019-05-28 12:50:55,25.31
775,2019-05-28 12:51:19,25.31
776,2019-05-28 12:51:33,25.31
777,2019-05-28 12:51:46,25.31
778,2019-05-28 12:52:00,25.31
779,2019-05-28 12:52:10,25.31
780,2019-05-28 12:52:29,25.31
781,2019-05-28 12:52:42,25.31
782,2019-05-28 12:52:50,25.31
783,2019-05-28 12:53:01,25.31
784,2019-05-28 12:53:12,25.31
785,2019-05-28 12:53:31,25.31
786,2019-05-28 12:53:43,25.25
787,2019-05-28 12:53:58,25.31
788,2019-05-28 12:54:16,25.31
789,2019-05-28 12:54:33,25.31
790,2019-05-28 12:55:16,25.25
791,2019-05-28 12:55:16,25.31
792,2019-05-28 12:55:25,25.25
793,2019-05-28 12:56:20,25.31
794,2019-05-28 12:56:45,25.25
795,2019-05-28 12:56:47,25.25
796,2019-05-28 12:56:54,25.31
797,2019-05-28 12:57:00,25.31
798,2019-05-28 12:57:23,25.25
799,2019-05-28 12:57:36,25.25
800,2019-05-28 12:57:38,25.25
801,2019-05-28 12:57:56,25.25
802,2019-05-28 12:58:09,25.25
803,2019-05-28 12:58:15,25.31
804,2019-05-28 12:58:27,25.25
805,2019-05-28 12:58:36,25.25
806,2019-05-28 12:58:50,25.25
807,2019-05-28 12:59:25,25.25
808,2019-05-28 12:59:35,25.25
809,2019-05-28 12:59:44,25.25
810,2019-05-28 13:00:00,25.31
811,2019-05-28 13:00:03,25.25
812,2019-05-28 13:00:11,25.25
813,2019-05-28 13:00:17,25.25
814,2019-05-28 13:00:25,25.25
815,2019-05-28 13:00:34,25.25
816,2019-05-28 13:00:43,25.25
817,2019-05-28 13:00:54,25.25
818,2019-05-28 13:01:03,25.31
819,2019-05-28 13:01:11,25.25
820,2019-05-28 13:01:22,25.25
821,2019-05-28 13:01:29,25.25
822,2019-05-28 13:01:37,25.25
823,2019-05-28 13:01:44,25.25
824,2019-05-28 13:01:51,25.31
825,2019-05-28 13:02:18,25.25
826,2019-05-28 13:02:22,25.31
827,2019-05-28 13:02:25,25.25
828,2019-05-28 13:02:32,25.25
829,2019-05-28 13:02:42,25.25
830,2019-05-28 13:02:49,25.25
831,2019-05-28 13:02:59,25.25
832,2019-05-28 13:03:09,25.25
833,2019-05-28 13:03:22,25.25
834,2019-05-28 13:03:29,25.25
835,2019-05-28 13:03:38,25.25
836,2019-05-28 13:03:50,25.25
837,2019-05-28 13:03:58,25.25
838,2019-05-28 13:04:06,25.25
839,2019-05-28 13:04:25,25.25
840,2019-05-28 13:04:27,25.25
841,2019-05-28 13:04:35,25.25
842,2019-05-28 13:05:44,25.25
843,2019-05-28 13:05:58,25.25
844,2019-05-28 13:06:04,25.31
845,2019-05-28 13:06:12,25.25
846,2019-05-28 13:06:23,25.25
847,2019-05-28 13:06:31,25.25
848,2019-05-28 13:06:38,25.25
849,2019-05-28 13:06:47,25.25
850,2019-05-28 13:07:09,25.25
851,2019-05-28 13:07:40,25.25
852,2019-05-28 13:07:48,25.25
853,2019-05-28 13:07:58,25.25
854,2019-05-28 13:08:14,25.25
855,2019-05-28 13:08:23,25.25
856,2019-05-28 13:08:31,25.25
857,2019-05-28 13:08:43,25.25
858,2019-05-28 13:09:15,25.25
859,2019-05-28 13:09:22,25.25
860,2019-05-28 13:09:30,25.25
861,2019-05-28 13:09:39,25.25
862,2019-05-28 13:09:50,25.25
863,2019-05-28 13:09:57,25.25
864,2019-05-28 13:10:09,25.25
865,2019-05-28 13:10:31,25.25
866,2019-05-28 13:10:32,25.25
867,2019-05-28 13:10:40,25.25
868,2019-05-28 13:11:02,25.25
869,2019-05-28 13:11:02,25.25
870,2019-05-28 13:11:14,25.25
871,2019-05-28 13:11:22,25.25
872,2019-05-28 13:11:36,25.25
873,2019-05-28 13:11:41,25.25
874,2019-05-28 13:11:51,25.25
875,2019-05-28 13:11:59,25.25
876,2019-05-28 13:12:08,25.25
877,2019-05-28 13:12:16,25.25
878,2019-05-28 13:12:24,25.25
879,2019-05-28 13:12:32,25.25
880,2019-05-28 13:12:44,25.25
881,2019-05-28 13:13:04,25.25
882,2019-05-28 13:13:14,25.25
883,2019-05-28 13:13:26,25.25
884,2019-05-28 13:13:33,25.25
885,2019-05-28 13:13:44,25.25
886,2019-05-28 13:13:56,25.25
887,2019-05-28 13:14:08,25.25
888,2019-05-28 13:14:17,25.25
889,2019-05-28 13:14:24,25.25
890,2019-05-28 13:14:41,25.25
891,2019-05-28 13:14:46,25.25
892,2019-05-28 13:14:56,25.25
893,2019-05-28 13:15:36,25.25
894,2019-05-28 13:15:38,25.25
895,2019-05-28 13:15:46,25.25
896,2019-05-28 13:15:53,25.25
897,2019-05-28 13:15:59,25.25
898,2019-05-28 13:16:08,25.25
899,2019-05-28 13:16:15,25.25
900,2019-05-28 13:16:22,25.25
901,2019-05-28 13:16:30,25.25
902,2019-05-28 13:16:37,25.25
903,2019-05-28 13:16:46,25.25
904,2019-05-28 13:16:56,25.25
905,2019-05-28 13:17:05,25.25
906,2019-05-28 13:17:15,25.25
907,2019-05-28 13:17:23,25.25
908,2019-05-28 13:17:30,25.25
909,2019-05-28 13:17:41,25.25
910,2019-05-28 13:17:49,25.25
911,2019-05-28 13:18:00,25.25
912,2019-05-28 13:18:16,25.25
913,2019-05-28 13:18:28,25.25
914,2019-05-28 13:18:37,25.25
915,2019-05-28 13:18:44,25.25
916,2019-05-28 13:18:57,25.25
917,2019-05-28 13:19:18,25.25
918,2019-05-28 13:19:36,25.25
919,2019-05-28 13:19:53,25.25
920,2019-05-28 13:20:01,25.25
921,2019-05-28 13:20:10,25.25
922,2019-05-28 13:20:33,25.25
923,2019-05-28 13:20:45,25.25
924,2019-05-28 13:20:52,25.25
925,2019-05-28 13:21:17,25.25
926,2019-05-28 13:21:28,25.25
927,2019-05-28 13:22:49,25.25
928,2019-05-28 13:22:53,25.25
929,2019-05-28 13:28:12,25.19
930,2019-05-28 13:28:23,25.19
931,2019-05-28 13:29:32,25.19
932,2019-05-28 13:29:42,25.19
933,2019-05-28 13:29:50,25.19
934,2019-05-28 13:29:57,25.19
935,2019-05-28 13:30:04,25.19
936,2019-05-28 13:30:11,25.19
937,2019-05-28 13:30:25,25.19
938,2019-05-28 13:30:33,25.19
939,2019-05-28 13:30:53,25.19
940,2019-05-28 13:30:57,25.19
941,2019-05-28 13:30:59,25.19
942,2019-05-28 13:31:06,25.19
943,2019-05-28 13:31:17,25.19
944,2019-05-28 13:32:04,25.19
945,2019-05-28 13:32:16,25.19
946,2019-05-28 13:32:23,25.19
947,2019-05-28 13:32:49,25.19
948,2019-05-28 13:32:51,25.19
949,2019-05-28 13:33:21,25.19
950,2019-05-28 13:33:30,25.19
951,2019-05-28 13:34:06,25.19
952,2019-05-28 13:34:28,25.25
953,2019-05-28 13:34:52,25.19
954,2019-05-28 13:35:01,25.19
955,2019-05-28 13:35:10,25.25
956,2019-05-28 13:35:17,25.19
957,2019-05-28 13:35:24,25.19
958,2019-05-28 13:35:30,25.19
959,2019-05-28 13:35:37,25.19
960,2019-06-03 05:40:53,40.5
961,2019-06-03 05:47:46,20.5
962,2019-06-03 05:49:13,25.5
963,2019-06-03 05:52:14,25.5
964,2019-06-03 05:54:33,45.5
965,2019-06-03 05:57:09,20.5
966,2019-06-03 06:04:14,20.5
967,2019-06-03 06:40:45,20.5
968,2019-06-03 06:47:02,20.5
969,2019-06-03 06:49:47,20.5
970,2019-06-03 06:53:16,18.5
971,2019-06-03 08:03:11,18.5
972,2019-06-03 08:04:32,18.5
973,2019-06-03 08:05:48,18.5
974,2019-06-03 08:06:02,18.5
975,2019-06-03 08:09:22,18.5
976,2019-06-03 08:46:43,18.5
977,2019-06-03 09:01:43,15.5
978,2019-06-03 09:03:12,26.5
979,2019-06-03 09:21:20,25.5
980,2019-06-03 10:19:25,27.5
981,2025-01-04 06:24:40,12.5
988,2025-03-25 20:18:26.415329,24.0
989,2025-03-25 20:18:30.526922,14.0
990,2025-03-25 20:18:34.639378,13.0
991,2025-03-25 20:18:40.652753,24.0
992,2025-03-25 20:18:44.770795,22.0
993,2025-03-25 20:18:50.864016,15.0
994,2025-03-25 20:18:54.969451,10.0
995,2025-03-25 20:18:59.101834,12.0
996,2025-03-25 20:19:03.206216,10.0
997,2025-03-25 20:19:09.310266,20.0
998,2025-03-25 20:19:13.424475,16.0
999,2025-03-25 20:19:17.526999,23.0
1000,2025-03-25 20:19:21.632807,14.0
1001,2025-03-25 20:19:25.748543,23.0
1002,2025-03-25 20:19:31.761794,14.0
1003,2025-03-25 20:45:07.207425,10.0
1004,2025-03-25 20:45:11.336906,14.0
1005,2025-03-25 20:45:15.429690,22.0
1006,2025-03-25 20:45:20.688892,10.0
1007,2025-03-25 20:45:24.794855,13.0
1008,2025-03-25 20:45:30.029650,13.0
1009,2025-03-25 20:45:34.139427,13.0
1010,2025-03-25 20:45:39.488873,13.0
1011,2025-03-25 20:45:43.601554,15.0
1012,2025-03-25 20:45:49.699678,13.0
1013,2025-03-25 20:45:53.820554,14.0
1014,2025-03-25 20:45:57.961840,23.0
1015,2025-03-25 20:46:02.065915,20.0
1016,2025-03-25 20:46:06.171852,16.0
1017,2025-03-25 20:46:10.286382,11.0
1018,2025-03-25 20:46:14.397442,21.0
1019,2025-03-25 20:46:18.699768,18.0
1020,2025-03-25 20:46:22.806414,10.0
1021,2025-03-25 20:46:27.691927,11.0
1022,2025-03-25 20:46:31.789611,12.0
1023,2025-03-25 20:46:35.971008,24.0
1024,2025-03-25 20:46:40.068078,24.0
1025,2025-03-25 20:46:45.076029,12.0
1026,2025-03-25 20:46:49.177970,20.0
1027,2025-03-25 20:46:53.288406,17.0
1028,2025-03-25 20:46:57.395865,14.0
1029,2025-03-25 20:47:01.503407,23.0
1030,2025-03-25 20:47:06.735284,14.0
1031,2025-03-25 20:47:10.840341,10.0
1032,2025-03-25 20:47:14.942743,24.0
1033,2025-03-25 20:47:19.055311,23.0
1034,2025-03-25 20:47:23.171786,21.0
1035,2025-03-25 20:47:27.708660,11.0
1036,2025-03-25 20:47:31.819762,23.0
1037,2025-03-25 20:47:37.697894,15.0
1038,2025-03-25 20:47:41.794921,11.0
1039,2025-03-25 20:47:47.685809,16.0
1040,2025-03-25 20:47:51.793289,21.0
1041,2025-03-25 20:47:56.026089,23.0
1042,2025-03-25 20:48:00.139706,14.0
1043,2025-03-25 20:48:05.001258,17.0
1044,2025-03-25 20:48:16.688934,13.0
1045,2025-03-25 20:48:29.695619,16.0
1046,2025-03-25 20:48:41.691833,20.0
1047,2025-03-25 20:48:53.766841,21.0
1048,2025-03-25 20:49:05.694819,14.0
1049,2025-03-25 20:49:18.311942,21.0
1050,2025-03-25 20:49:30.695144,14.0
1051,2025-03-25 20:49:43.690055,15.0
1052,2025-03-25 20:49:55.685941,23.0
1053,2025-03-25 20:50:07.687185,10.0
1054,2025-03-25 20:50:20.050341,16.0
1055,2025-03-25 20:50:32.684960,23.0
1056,2025-03-25 20:50:44.465325,24.0
1057,2025-03-25 20:50:58.674937,13.0
1058,2025-03-25 20:51:23.299063,10.0
1059,2025-03-25 20:51:37.502005,23.0
1060,2025-03-25 20:51:51.705457,18.0
1061,2025-03-25 20:52:04.104095,13.0
1062,2025-03-25 20:52:18.304451,16.0
1063,2025-03-25 20:52:32.505046,10.0
1064,2025-03-25 20:52:44.876776,16.0
1065,2025-03-25 20:52:59.073950,20.0
1066,2025-03-25 20:53:13.260267,11.0
1067,2025-03-25 20:53:25.670249,16.0
1068,2025-03-25 20:53:38.688437,16.0
1069,2025-03-25 20:53:50.693351,13.0
1070,2025-03-25 20:54:02.702398,15.0
1071,2025-03-25 20:54:14.727431,12.0
1072,2025-03-25 20:55:00.715215,22.0
1073,2025-03-25 20:55:12.828078,23.0
1074,2025-03-25 20:55:24.995957,20.0
1075,2025-03-25 20:55:41.391879,20.0
1076,2025-03-25 20:55:55.574252,17.0
1077,2025-03-25 20:56:11.975497,22.0
1078,2025-03-25 20:56:26.154621,12.0
1079,2025-03-25 20:56:40.549744,20.0
1080,2025-03-25 20:56:52.677080,17.0
1081,2025-03-25 20:57:04.958778,22.0
1082,2025-03-25 20:57:17.688843,21.0
1083,2025-03-25 20:57:29.771625,22.0
1084,2025-03-25 20:57:42.704276,20.0
1085,2025-03-25 20:57:54.697638,19.0
1086,2025-03-25 20:58:06.697737,21.0
1087,2025-03-25 20:58:19.705776,17.0
1088,2025-03-25 20:58:31.449445,22.0
1089,2025-03-25 20:58:43.690011,16.0
1090,2025-03-25 20:58:56.694521,13.0
1091,2025-03-25 20:59:08.687615,22.0
1092,2025-03-25 20:59:20.706550,20.0
1093,2025-03-25 20:59:32.715907,13.0
1094,2025-03-25 20:59:45.700733,16.0
1095,2025-03-25 20:59:57.691101,19.0
1096,2025-03-25 21:00:10.693101,23.0
1097,2025-03-25 21:00:22.118010,21.0
1098,2025-03-25 21:00:34.518526,13.0
1099,2025-03-25 21:00:47.694363,16.0
1100,2025-03-25 21:00:59.687863,13.0
1101,2025-03-25 21:01:12.699314,18.0
1102,2025-03-25 21:01:24.700270,24.0
1103,2025-03-25 21:01:37.632718,20.0
1104,2025-03-25 21:02:02.120087,21.0
1105,2025-03-25 21:02:16.337014,15.0
1106,2025-03-25 21:02:30.781830,14.0
1107,2025-03-25 21:02:43.697393,11.0
1108,2025-03-25 21:02:55.688773,10.0
1109,2025-03-25 21:03:08.502518,13.0
1110,2025-03-25 21:03:41.382427,23.0
1111,2025-03-26 09:08:06.832101,19.0
1112,2025-03-26 09:08:19.015721,16.0
1113,2025-03-26 09:08:31.231994,23.0
1114,2025-03-26 09:08:45.464895,19.0
1115,2025-03-26 09:08:57.896918,17.0
1116,2025-03-26 09:09:12.104614,17.0
1117,2025-03-26 09:09:24.337725,14.0
1118,2025-03-26 09:09:38.850788,12.0
1119,2025-03-26 09:09:53.039709,16.0
1120,2025-03-26 09:10:07.247165,18.0
1121,2025-03-26 09:10:19.706486,13.0
1122,2025-03-26 09:10:33.931724,10.0
1123,2025-03-26 09:10:48.139930,23.0
1124,2025-03-26 09:11:00.535379,22.0
1125,2025-03-26 09:11:12.773283,16.0
1126,2025-03-26 09:11:26.979829,21.0
1127,2025-03-26 09:11:39.224152,22.0
1128,2025-03-26 09:11:51.635098,20.0
1129,2025-03-26 09:12:05.813153,16.0
1130,2025-03-26 09:12:30.265771,10.0
1131,2025-03-26 09:12:42.694800,23.0
1132,2025-03-26 09:12:54.921117,13.0
1133,2025-03-26 09:13:09.145770,21.0
1134,2025-03-26 09:13:23.592830,24.0
1135,2025-03-26 09:13:37.798610,14.0
1136,2025-03-26 09:13:52.019802,18.0
1137,2025-03-26 09:14:04.449487,23.0
1138,2025-03-26 09:14:18.664221,11.0
1139,2025-03-26 09:14:32.878699,10.0
1140,2025-03-26 09:14:45.317283,15.0
1141,2025-03-26 09:14:57.559776,21.0
1142,2025-03-26 09:15:10.436355,24.0
1143,2025-03-26 09:15:22.450459,11.0
1144,2025-03-26 09:15:34.449665,13.0
1145,2025-03-26 09:15:46.866003,14.0
1146,2025-03-26 09:15:59.057338,11.0
1147,2025-03-26 09:16:11.449177,15.0
1148,2025-03-26 09:16:23.458456,22.0
1149,2025-03-26 09:16:36.053408,17.0
1150,2025-03-26 09:16:48.436847,12.0
1151,2025-03-26 09:17:00.558262,21.0
1152,2025-03-26 09:17:12.768100,16.0
1153,2025-03-26 09:17:26.986513,21.0
1154,2025-03-26 09:17:39.424646,19.0
1155,2025-03-26 09:17:51.662576,18.0
1156,2025-03-26 09:18:03.891061,22.0
1157,2025-03-26 09:18:18.095313,14.0
1158,2025-03-26 09:18:30.515918,11.0
1159,2025-03-26 09:18:42.746613,21.0
1160,2025-03-26 09:18:55.141071,18.0
1161,2025-03-26 09:19:09.354545,12.0
1162,2025-03-26 09:19:25.794321,21.0
1163,2025-03-26 09:19:29.892807,19.0
1164,2025-03-26 09:19:34.165032,19.0
1165,2025-03-26 09:19:38.290470,16.0
1166,2025-03-26 09:19:44.367592,11.0
1167,2025-03-26 09:19:48.513818,22.0
1168,2025-03-26 09:19:54.585920,19.0
1169,2025-03-26 09:19:58.694601,13.0
1170,2025-03-26 09:20:02.794989,13.0
1171,2025-03-26 09:20:06.928275,18.0
1172,2025-03-26 09:20:12.995909,10.0
1173,2025-03-26 09:20:17.132584,11.0
1174,2025-03-26 09:20:23.231568,19.0
1175,2025-03-26 09:20:27.342830,23.0
1176,2025-03-26 09:20:33.439815,12.0
1177,2025-03-26 09:20:37.570265,20.0
1178,2025-03-26 09:20:43.655942,13.0
1179,2025-03-26 09:20:47.754737,19.0
1180,2025-03-26 09:20:51.869337,17.0
1181,2025-03-26 09:20:56.007358,21.0
1182,2025-03-26 09:21:00.139562,11.0
1183,2025-03-26 09:21:06.181466,23.0
1184,2025-03-26 09:21:10.336221,19.0
1185,2025-03-26 09:21:16.376725,21.0
1186,2025-03-26 09:21:20.494469,21.0
1187,2025-03-26 09:21:26.600284,14.0
1188,2025-03-26 09:21:30.698599,13.0
1189,2025-03-26 09:21:34.823880,23.0
1190,2025-03-26 09:21:38.981812,24.0
1191,2025-03-26 09:21:45.058852,23.0
1192,2025-03-26 09:21:49.217728,21.0
1193,2025-03-26 09:21:55.273413,13.0
1194,2025-03-26 09:21:59.401819,12.0
1195,2025-03-26 09:22:03.569958,10.0
1196,2025-03-26 09:22:07.674299,11.0
1197,2025-03-26 09:22:11.827627,13.0
1198,2025-03-26 09:22:17.805098,15.0
1199,2025-03-26 09:22:21.955795,13.0
1200,2025-03-26 09:22:28.002540,10.0
1201,2025-03-26 09:22:32.142739,12.0
1202,2025-03-26 09:22:38.224543,12.0
1203,2025-03-26 09:22:42.350204,17.0
1204,2025-03-26 09:22:48.467860,22.0
1205,2025-03-26 09:22:52.597833,24.0
1206,2025-03-26 09:22:58.704196,16.0
1207,2025-03-26 09:23:02.830388,14.0
1208,2025-03-26 09:23:08.913240,12.0
1209,2025-03-26 09:23:13.051825,11.0
1210,2025-03-26 09:23:19.131024,18.0
1211,2025-03-26 09:23:23.285108,20.0
1212,2025-03-26 09:23:29.378187,24.0
1213,2025-03-26 09:23:33.482351,20.0
1214,2025-03-26 09:23:37.627775,20.0
1215,2025-03-26 09:23:41.772346,12.0
1216,2025-03-26 09:23:47.828123,15.0
1217,2025-03-26 09:23:51.961384,17.0
1218,2025-03-26 09:23:58.045140,19.0
1219,2025-03-26 09:24:02.199506,10.0
1220,2025-03-26 09:24:08.273661,14.0
1221,2025-03-26 09:24:12.411036,11.0
1222,2025-03-26 09:24:18.509933,21.0
1223,2025-03-26 09:24:22.648908,15.0
1224,2025-03-26 09:24:26.755550,17.0
1225,2025-03-26 09:24:32.065480,14.0
1226,2025-03-26 09:24:36.201254,22.0
1227,2025-03-26 09:24:40.352027,23.0
1228,2025-03-26 09:24:44.497539,13.0
1229,2025-03-26 09:24:50.579519,18.0
1230,2025-03-26 09:24:54.716374,13.0
1231,2025-03-26 09:25:00.807484,23.0
1232,2025-03-26 09:25:04.943601,19.0
1233,2025-03-26 09:25:11.024496,21.0
1234,2025-03-26 09:25:15.155913,14.0
1235,2025-03-26 09:25:21.251980,10.0
1236,2025-03-26 09:25:25.380336,24.0
1237,2025-03-26 09:25:31.498136,23.0
1238,2025-03-26 09:25:35.632789,16.0
1239,2025-03-26 09:25:41.727309,16.0
1240,2025-03-26 09:25:47.180365,10.0
1241,2025-03-26 09:25:51.319358,22.0
1242,2025-03-26 09:25:57.356332,18.0
1243,2025-03-26 09:26:01.493972,23.0
1244,2025-03-26 09:26:07.591533,20.0
1245,2025-03-26 09:26:11.707333,21.0
1246,2025-03-26 09:26:15.998390,14.0
1247,2025-03-26 09:26:20.133088,24.0
1248,2025-03-26 09:26:26.251805,16.0
1249,2025-03-26 09:26:30.378363,23.0
1250,2025-03-26 09:26:34.493759,16.0
1251,2025-03-26 09:26:38.620231,24.0
1252,2025-03-26 09:26:44.708326,10.0
1253,2025-03-26 09:26:48.850875,17.0
1254,2025-03-26 09:26:54.927900,20.0
1255,2025-03-26 09:26:59.060861,12.0
1256,2025-03-26 09:27:05.144574,11.0
1257,2025-03-26 09:27:09.279470,20.0
1258,2025-03-26 09:27:15.360817,16.0
1259,2025-03-26 09:27:19.520061,17.0
1260,2025-03-26 09:27:25.617942,24.0
1261,2025-03-26 09:27:29.774481,16.0
1262,2025-03-26 09:27:35.835791,22.0
1263,2025-03-26 09:27:39.968216,10.0
1264,2025-03-26 09:27:46.039770,16.0
1265,2025-03-26 09:27:50.180025,15.0
1266,2025-03-26 09:27:56.273340,13.0
1267,2025-03-26 09:28:00.413064,19.0
1268,2025-03-26 09:28:06.509983,22.0
1269,2025-03-26 09:28:10.611466,17.0
1270,2025-03-26 09:28:16.728454,16.0
1271,2025-03-26 09:28:20.861639,13.0
1272,2025-03-26 09:28:26.972781,19.0
1273,2025-03-26 09:28:31.120832,14.0
1274,2025-03-26 09:28:37.205705,19.0
1275,2025-03-26 09:28:41.339043,10.0
1276,2025-03-26 09:28:47.403726,12.0
1277,2025-03-26 09:28:51.515546,20.0
1278,2025-03-26 09:28:57.641560,23.0
1279,2025-03-26 09:29:01.779193,10.0
1280,2025-03-26 09:29:07.867712,19.0
1281,2025-03-26 09:29:12.015479,13.0
1282,2025-03-26 09:29:16.131055,17.0
1283,2025-03-26 09:29:20.229850,16.0
1284,2025-03-26 09:29:24.390249,17.0
1285,2025-03-26 09:29:30.339240,17.0
1286,2025-03-26 09:29:34.488808,19.0
1287,2025-03-26 09:29:40.549032,19.0
1288,2025-03-26 09:29:44.695803,11.0
1289,2025-03-26 09:29:50.785813,18.0
1290,2025-03-26 09:29:54.935421,19.0
1291,2025-03-26 09:30:00.997604,23.0
1292,2025-03-26 09:30:05.126321,14.0
1293,2025-03-26 09:30:11.226997,17.0
1294,2025-03-26 09:30:15.373214,17.0
1295,2025-03-26 09:30:21.515632,22.0
1296,2025-03-26 09:30:25.774626,17.0
1297,2025-03-26 09:30:31.699601,14.0
1298,2025-03-26 09:30:35.848271,15.0
1299,2025-03-26 09:30:41.935847,19.0
1300,2025-03-26 09:30:46.582084,10.0
1301,2025-03-26 09:30:50.730320,10.0
1302,2025-03-26 09:30:56.820439,15.0
1303,2025-03-26 09:31:00.960078,10.0
1304,2025-03-26 09:31:07.064918,15.0
1305,2025-03-26 09:31:11.197639,14.0
1306,2025-03-26 09:31:17.318448,21.0
1307,2025-03-26 09:31:21.466267,22.0
1308,2025-03-26 09:31:27.522209,13.0
1309,2025-03-26 09:31:31.661478,17.0
1310,2025-03-26 09:31:36.449943,23.0
1311,2025-03-26 09:31:40.593659,16.0
1312,2025-03-26 09:31:46.450259,23.0
1313,2025-03-26 09:31:50.585111,14.0
1314,2025-03-26 09:31:56.435040,10.0
1315,2025-03-26 09:32:00.580493,14.0
1316,2025-03-26 09:32:04.895147,21.0
1317,2025-03-26 09:32:09.027246,19.0
1318,2025-03-26 09:32:13.168041,21.0
1319,2025-03-26 09:32:17.451428,16.0
1320,2025-03-26 09:32:21.538289,22.0
1321,2025-03-26 09:32:27.466632,11.0
1322,2025-03-26 09:32:31.607136,18.0
1323,2025-03-26 09:32:37.674801,24.0
1324,2025-03-26 09:32:41.818218,10.0
1325,2025-03-26 09:32:47.902474,18.0
1326,2025-03-26 09:32:52.040346,22.0
1327,2025-03-26 09:32:58.128342,18.0
1328,2025-03-26 09:33:02.280794,15.0
1329,2025-03-26 09:33:06.389880,20.0
1330,2025-03-26 09:33:10.529129,15.0
1331,2025-03-26 09:33:14.662972,10.0
1332,2025-03-26 09:33:20.642251,13.0
1333,2025-03-26 09:33:24.804749,11.0
1334,2025-03-26 09:33:30.473454,23.0
1335,2025-03-26 09:33:34.624051,20.0
1336,2025-03-26 09:33:38.766410,20.0
1337,2025-03-26 09:33:44.704053,21.0
1338,2025-03-26 09:33:50.132756,17.0
1339,2025-03-26 09:33:54.233835,12.0
1340,2025-03-26 09:33:58.352933,19.0
1341,2025-03-26 09:34:02.454152,14.0
1342,2025-03-26 09:34:06.552647,18.0
1343,2025-03-26 09:34:12.592776,11.0
1344,2025-03-26 09:34:16.731187,17.0
1345,2025-03-26 09:34:22.829792,15.0
1346,2025-03-26 09:34:26.957095,16.0
1347,2025-03-26 09:34:33.013485,22.0
1348,2025-03-26 09:34:37.159354,18.0
1349,2025-03-26 09:34:41.302114,16.0
1350,2025-03-26 09:34:45.436234,12.0
1351,2025-03-26 09:34:51.478599,12.0
1352,2025-03-26 09:34:55.584731,10.0
1353,2025-03-26 09:34:59.700616,12.0
1354,2025-03-26 09:35:03.810511,22.0
1355,2025-03-26 09:35:07.955272,17.0
1356,2025-03-26 09:35:13.914317,23.0
1357,2025-03-26 09:35:18.068066,13.0
1358,2025-03-26 09:35:24.449005,13.0
1359,2025-03-26 09:35:28.576671,24.0
1360,2025-03-26 09:35:34.448503,19.0
1361,2025-03-26 09:35:38.590570,18.0
1362,2025-03-26 09:35:43.453367,22.0
1363,2025-03-26 09:35:47.550592,17.0
1364,2025-03-26 09:35:52.997880,18.0
1365,2025-03-26 09:35:57.125730,22.0
1366,2025-03-26 09:36:01.309087,21.0
1367,2025-03-26 09:36:05.447046,21.0
1368,2025-03-26 09:36:09.577955,10.0
1369,2025-03-26 09:36:15.545179,22.0
1370,2025-03-26 09:36:19.680551,24.0
1371,2025-03-26 09:36:25.768177,24.0
1372,2025-03-26 09:36:29.874669,15.0
1373,2025-03-26 09:36:34.090579,19.0
1374,2025-03-26 09:36:38.215647,21.0
1375,2025-03-26 09:36:44.316903,24.0
1376,2025-03-26 09:36:48.471186,20.0
1377,2025-03-26 09:36:54.538344,13.0
1378,2025-03-26 09:36:58.679898,22.0
1379,2025-03-26 09:37:04.797241,21.0
1380,2025-03-26 09:37:08.944672,23.0
1381,2025-03-26 09:37:14.966992,17.0
1382,2025-03-26 09:37:19.110307,14.0
1383,2025-03-26 09:37:25.206923,11.0
1384,2025-03-26 09:37:29.332611,11.0
1385,2025-03-26 09:37:35.418479,11.0
1386,2025-03-26 09:37:39.555769,12.0
1387,2025-03-26 09:37:45.644994,10.0
1388,2025-03-26 09:37:49.788848,24.0
1389,2025-03-26 09:37:55.870901,19.0
1390,2025-03-26 09:38:00.013378,13.0
1391,2025-03-26 09:38:06.111674,11.0
1392,2025-03-26 09:38:10.261425,20.0
1393,2025-03-26 09:38:16.328173,10.0
1394,2025-03-26 09:38:20.478621,13.0
1395,2025-03-26 09:38:26.540162,18.0
1396,2025-03-26 09:38:30.665893,22.0
1397,2025-03-26 09:38:36.754603,23.0
1398,2025-03-26 09:38:40.899694,21.0
1399,2025-03-26 09:38:46.956697,24.0
1400,2025-03-26 09:38:51.095737,14.0
1401,2025-03-26 09:38:57.147640,14.0
1402,2025-03-26 09:39:01.305510,22.0
1403,2025-03-26 09:39:07.401041,20.0
1404,2025-03-26 09:39:11.535649,24.0
1405,2025-03-26 09:39:17.612587,20.0
1406,2025-03-26 09:39:21.742627,21.0
1407,2025-03-26 09:39:27.863174,22.0
1408,2025-03-26 09:39:31.976876,12.0
1409,2025-03-26 09:39:38.088334,20.0
1410,2025-03-26 09:39:42.220742,21.0
1411,2025-03-26 09:39:48.307854,16.0
1412,2025-03-26 09:39:52.463655,19.0
1413,2025-03-26 09:39:58.519234,13.0
1414,2025-03-26 09:40:02.632921,23.0
1415,2025-03-26 09:40:08.754276,24.0
1416,2025-03-26 09:40:12.905979,14.0
1417,2025-03-26 09:40:18.989134,23.0
1418,2025-03-26 09:40:23.121087,23.0
1419,2025-03-26 09:40:29.225027,18.0
1420,2025-03-26 09:40:33.371282,13.0
1421,2025-03-26 09:40:39.433313,16.0
1422,2025-03-26 09:40:43.573120,16.0
1423,2025-03-26 09:40:49.623623,21.0
1424,2025-03-26 09:40:53.762833,10.0
1425,2025-03-26 09:40:59.868383,23.0
1426,2025-03-26 09:41:04.013237,10.0
1427,2025-03-26 09:41:10.108602,17.0
1428,2025-03-26 09:41:14.238146,17.0
1429,2025-03-26 09:41:20.359356,18.0
1430,2025-03-26 09:41:24.494793,11.0
1431,2025-03-26 09:41:30.575135,24.0
1432,2025-03-26 09:41:34.717465,15.0
1433,2025-03-26 09:41:40.801079,15.0
1434,2025-03-26 09:41:44.906007,14.0
1435,2025-03-26 09:41:49.037362,11.0
1436,2025-03-26 09:41:53.168505,12.0
1437,2025-03-26 09:41:57.313856,15.0
1438,2025-03-26 09:42:03.281120,24.0
1439,2025-03-26 09:42:07.430327,12.0
1440,2025-03-26 09:42:13.478806,13.0
1441,2025-03-26 09:42:17.609326,24.0
1442,2025-03-26 09:42:23.698822,23.0
1443,2025-03-26 09:42:27.857873,10.0
1444,2025-03-26 09:42:33.933510,11.0
1445,2025-03-26 09:42:38.081874,19.0
1446,2025-03-26 09:42:44.162370,16.0
1447,2025-03-26 09:42:48.319022,14.0
1448,2025-03-26 09:42:52.495441,21.0
1449,2025-03-26 09:42:56.629653,22.0
1450,2025-03-26 09:43:02.732595,16.0
1451,2025-03-26 09:43:06.868695,21.0
1452,2025-03-26 09:43:12.997278,14.0
1453,2025-03-26 09:43:17.136539,13.0
1454,2025-03-26 09:43:23.234582,11.0
1455,2025-03-26 09:43:27.373082,18.0
1456,2025-03-26 09:43:33.442407,16.0
1457,2025-03-26 09:43:37.542675,13.0
1458,2025-03-26 09:43:41.669693,20.0
1459,2025-03-26 09:43:45.802122,24.0
1460,2025-03-26 09:43:49.930591,11.0
1461,2025-03-26 09:43:55.903701,15.0
1462,2025-03-26 09:44:00.027595,12.0
1463,2025-03-26 09:44:06.141579,17.0
1464,2025-03-26 09:44:10.275363,14.0
1465,2025-03-26 09:44:16.409676,18.0
1466,2025-03-26 09:44:20.542162,11.0
1467,2025-03-26 09:44:26.616838,17.0
1468,2025-03-26 09:44:30.763292,19.0
1469,2025-03-26 09:44:36.832847,24.0
1470,2025-03-26 09:44:40.983493,20.0
1471,2025-03-26 09:44:47.079893,18.0
1472,2025-03-26 09:44:51.240291,22.0
1473,2025-03-26 09:44:57.333504,16.0
1474,2025-03-26 09:45:01.479302,19.0
1475,2025-03-26 09:45:07.608672,24.0
1476,2025-03-26 09:45:11.721053,21.0
1477,2025-03-26 09:45:16.438496,24.0
1478,2025-03-26 09:45:20.596663,17.0
1479,2025-03-26 09:45:26.466823,18.0
1480,2025-03-26 09:45:30.606270,18.0
1481,2025-03-26 09:45:36.461276,15.0
1482,2025-03-26 09:45:40.599135,11.0
1483,2025-03-26 09:45:44.834924,24.0
1484,2025-03-26 09:45:48.951778,19.0
1485,2025-03-26 09:45:53.102618,21.0
1486,2025-03-26 09:45:59.441179,17.0
1487,2025-03-26 09:46:03.553893,12.0
1488,2025-03-26 09:46:09.438449,12.0
1489,2025-03-26 09:46:18.089477,12.0
1490,2025-03-26 09:46:30.605957,22.0
1491,2025-03-26 09:46:43.018553,21.0
1492,2025-03-26 09:46:55.240393,10.0
1493,2025-03-26 09:47:07.505024,11.0
1494,2025-03-26 09:47:19.761147,11.0
1495,2025-03-26 09:47:32.219132,20.0
1496,2025-03-26 09:47:44.490903,24.0
1497,2025-03-26 09:47:56.851633,18.0
1498,2025-03-26 09:48:09.091663,23.0
1499,2025-03-26 09:48:21.368629,19.0
1500,2025-03-26 09:48:33.870331,21.0
1501,2025-03-26 09:48:46.107904,24.0
1502,2025-03-26 09:49:00.328832,22.0
1503,2025-03-26 09:49:12.589142,22.0
1504,2025-03-26 09:49:25.085005,22.0
1505,2025-03-26 09:49:37.337314,19.0
1506,2025-03-26 09:49:49.589546,18.0
1507,2025-03-26 09:50:01.872455,16.0
1508,2025-03-26 09:50:16.371383,11.0
1509,2025-03-26 09:50:28.628837,12.0
1510,2025-03-26 09:50:40.882927,17.0
1511,2025-03-26 09:52:08.217105,19.0
1512,2025-03-26 09:52:20.479703,22.0
1513,2025-03-26 09:52:34.731395,20.0
1514,2025-03-26 09:52:46.948466,21.0
1515,2025-03-26 09:52:59.436824,18.0
1516,2025-03-26 09:53:08.590657,18.0
1517,2025-03-26 09:53:14.450927,20.0
1518,2025-03-26 09:53:18.580120,19.0
1519,2025-03-26 09:53:24.074752,24.0
1520,2025-03-26 09:53:28.211549,22.0
1521,2025-03-26 09:53:34.316940,24.0
1522,2025-03-26 09:53:38.456720,23.0
1523,2025-03-26 09:53:44.554542,18.0
1524,2025-03-26 09:53:48.694581,24.0
1525,2025-03-26 09:53:54.767282,12.0
1526,2025-03-26 09:53:58.900447,21.0
1527,2025-03-26 09:54:04.979874,11.0
1528,2025-03-26 09:54:09.124819,16.0
1529,2025-03-26 09:54:13.232305,24.0
1530,2025-03-26 09:54:17.380433,19.0
1531,2025-03-26 09:54:23.466664,12.0
1532,2025-03-26 09:54:27.606710,24.0
1533,2025-03-26 09:54:33.707022,14.0
1534,2025-03-26 09:54:37.860725,23.0
1535,2025-03-26 09:54:43.939327,10.0
1536,2025-03-26 09:54:48.077056,16.0
1537,2025-03-26 09:54:52.260964,15.0
1538,2025-03-26 09:54:56.407356,11.0
1539,2025-03-26 09:55:00.514029,20.0
1540,2025-03-26 09:55:06.536464,10.0
1541,2025-03-26 09:55:10.679063,20.0
1542,2025-03-26 09:55:16.781553,10.0
1543,2025-03-26 09:55:20.918803,11.0
1544,2025-03-26 09:55:27.006823,13.0
1545,2025-03-26 09:55:31.137839,24.0
1546,2025-03-26 09:55:35.286553,15.0
1547,2025-03-26 09:55:39.417826,18.0
1548,2025-03-26 09:55:45.508408,17.0
1549,2025-03-26 09:55:49.649560,16.0
1550,2025-03-26 09:55:55.747814,15.0
1551,2025-03-26 09:55:59.889753,15.0
1552,2025-03-26 09:56:05.996490,22.0
1553,2025-03-26 09:56:10.096710,13.0
1554,2025-03-26 09:56:14.248437,17.0
1555,2025-03-26 09:56:18.354681,20.0
1556,2025-03-26 09:56:22.456130,21.0
1557,2025-03-26 09:56:28.496930,10.0
1558,2025-03-26 09:56:32.626867,16.0
1559,2025-03-26 09:56:38.740198,21.0
1560,2025-03-26 09:56:42.838375,20.0
1561,2025-03-26 09:56:47.040510,17.0
1562,2025-03-26 09:56:51.168720,21.0
1563,2025-03-26 09:56:57.257895,10.0
1564,2025-03-26 09:57:01.396765,16.0
1565,2025-03-26 09:57:07.524698,20.0
1566,2025-03-26 09:57:11.664819,19.0
1567,2025-03-26 09:57:17.738780,10.0
1568,2025-03-26 09:57:21.874402,20.0
1569,2025-03-26 09:57:27.984539,22.0
1570,2025-03-26 09:57:32.110293,15.0
1571,2025-03-26 09:57:36.248790,11.0
1572,2025-03-26 09:57:40.388609,16.0
1573,2025-03-26 09:57:44.518368,16.0
1574,2025-03-26 09:57:50.499380,19.0
1575,2025-03-26 09:57:54.641660,20.0
1576,2025-03-26 09:57:58.767230,24.0
1577,2025-03-26 09:58:02.900242,23.0
1578,2025-03-26 09:58:09.020171,23.0
1579,2025-03-26 09:58:13.154637,19.0
1580,2025-03-26 09:58:17.314405,10.0
1581,2025-03-26 09:58:21.454451,17.0
1582,2025-03-26 09:58:25.585669,11.0
1583,2025-03-26 09:58:31.576099,10.0
1584,2025-03-26 09:58:35.714374,16.0
1585,2025-03-26 09:58:41.816263,22.0
1586,2025-03-26 09:58:45.968844,10.0
1587,2025-03-26 09:58:50.106208,21.0
1588,2025-03-26 09:58:54.258224,15.0
1589,2025-03-26 09:59:00.356988,13.0
1590,2025-03-26 09:59:04.497244,11.0
1591,2025-03-26 09:59:08.662635,15.0
1592,2025-03-26 09:59:12.770004,23.0
1593,2025-03-26 09:59:16.867624,15.0
1594,2025-03-26 09:59:22.904341,21.0
1595,2025-03-26 09:59:27.042584,18.0
1596,2025-03-26 09:59:31.189096,22.0
1597,2025-03-26 09:59:35.329406,12.0
1598,2025-03-26 09:59:39.428164,23.0
1599,2025-03-26 09:59:43.570686,14.0
1600,2025-03-26 09:59:47.714597,19.0
1601,2025-03-26 09:59:53.698688,16.0
1602,2025-03-26 09:59:57.810393,10.0
1603,2025-03-26 10:00:02.002081,21.0
1604,2025-03-26 10:00:06.134546,13.0
1605,2025-03-26 10:00:12.228064,17.0
1606,2025-03-26 10:00:16.369634,14.0
1607,2025-03-26 10:00:20.494524,19.0
1608,2025-03-26 10:00:24.628332,19.0
1609,2025-03-26 10:00:28.769737,19.0
1610,2025-03-26 10:00:34.739531,13.0
1611,2025-03-26 10:00:38.881511,13.0
1612,2025-03-26 10:00:44.995591,19.0
1613,2025-03-26 10:00:49.144517,16.0
1614,2025-03-26 10:00:53.294523,17.0
1615,2025-03-26 10:00:57.426631,13.0
1616,2025-03-26 10:01:01.539893,24.0
1617,2025-03-26 10:01:05.696809,23.0
1618,2025-03-26 10:01:09.828749,23.0
1619,2025-03-26 10:01:15.824401,19.0
1620,2025-03-26 10:01:19.969735,14.0
1621,2025-03-26 10:01:26.076110,23.0
1622,2025-03-26 10:01:30.228121,24.0
1623,2025-03-26 10:01:36.346275,10.0
1624,2025-03-26 10:01:40.504586,13.0
1625,2025-03-26 10:01:44.648359,19.0
1626,2025-03-26 10:01:48.776229,22.0
1627,2025-03-26 10:01:54.876318,20.0
1628,2025-03-26 10:01:59.026731,16.0
1629,2025-03-26 10:02:03.168603,20.0
1630,2025-03-26 10:02:07.284660,21.0
1631,2025-03-26 10:02:11.386177,20.0
1632,2025-03-26 10:02:17.416390,12.0
1633,2025-03-26 10:02:21.581557,11.0
1634,2025-03-26 10:02:25.714794,22.0
1635,2025-03-26 10:02:29.858035,11.0
1636,2025-03-26 10:02:33.979894,20.0
1637,2025-03-26 10:02:38.128165,13.0
1638,2025-03-26 10:02:42.256881,15.0
1639,2025-03-26 10:02:48.255685,20.0
1640,2025-03-26 10:02:52.375110,22.0
1641,2025-03-26 10:02:58.447812,22.0
1642,2025-03-26 10:03:02.602444,13.0
1643,2025-03-26 10:03:08.708011,17.0
1644,2025-03-26 10:03:12.858183,21.0
1645,2025-03-26 10:03:17.091952,15.0
1646,2025-03-26 10:03:21.208969,11.0
1647,2025-03-26 10:03:27.299693,22.0
1648,2025-03-26 10:03:31.429580,21.0
1649,2025-03-26 10:03:35.592229,13.0
1650,2025-03-26 10:03:39.702689,20.0
1651,2025-03-26 10:03:43.864677,12.0
1652,2025-03-26 10:03:49.847047,21.0
1653,2025-03-26 10:03:53.977749,11.0
1654,2025-03-26 10:04:00.092493,20.0
1655,2025-03-26 10:04:04.194151,17.0
1656,2025-03-26 10:04:08.341272,21.0
1657,2025-03-26 10:04:12.472552,12.0
1658,2025-03-26 10:04:18.555719,12.0
1659,2025-03-26 10:04:22.692437,16.0
1660,2025-03-26 10:04:28.813806,15.0
1661,2025-03-26 10:04:32.946181,23.0
1662,2025-03-26 10:04:39.065841,22.0
1663,2025-03-26 10:04:43.208940,11.0
1664,2025-03-26 10:04:49.293939,17.0
1665,2025-03-26 10:04:53.428546,21.0
1666,2025-03-26 10:04:59.512150,21.0
1667,2025-03-26 10:05:03.652355,24.0
1668,2025-03-26 10:05:07.777770,22.0
1669,2025-03-26 10:05:11.915518,20.0
1670,2025-03-26 10:05:16.055897,24.0
1671,2025-03-26 10:05:22.034026,22.0
1672,2025-03-26 10:05:26.167484,24.0
1673,2025-03-26 10:05:32.229427,20.0
1674,2025-03-26 10:05:36.349558,19.0
1675,2025-03-26 10:05:40.493867,18.0
1676,2025-03-26 10:05:44.634589,23.0
1677,2025-03-26 10:05:50.724658,10.0
1678,2025-03-26 10:05:54.854634,14.0
1679,2025-03-26 10:05:58.958334,23.0
1680,2025-03-26 10:06:03.062315,13.0
1681,2025-03-26 10:06:07.182247,16.0
1682,2025-03-26 10:06:12.525676,20.0
1683,2025-03-26 10:06:16.666126,10.0
1684,2025-03-26 10:06:22.725328,23.0
1685,2025-03-26 10:06:26.863989,22.0
1686,2025-03-26 10:06:32.956107,17.0
1687,2025-03-26 10:06:37.097190,22.0
1688,2025-03-26 10:06:43.164429,22.0
1689,2025-03-26 10:06:47.307056,18.0
1690,2025-03-26 10:06:53.417570,18.0
1691,2025-03-26 10:06:57.557330,14.0
1692,2025-03-26 10:07:03.624731,11.0
1693,2025-03-26 10:07:07.735897,21.0
1694,2025-03-26 10:07:13.884876,14.0
1695,2025-03-26 10:07:18.025324,16.0
1696,2025-03-26 10:07:24.072898,24.0
1697,2025-03-26 10:07:28.218669,12.0
1698,2025-03-26 10:07:34.327595,10.0
1699,2025-03-26 10:07:38.472658,24.0
1700,2025-03-26 10:07:44.556094,20.0
1701,2025-03-26 10:07:48.694597,10.0
1702,2025-03-26 10:07:55.445276,20.0
1703,2025-03-26 10:07:59.580742,10.0
1704,2025-03-26 10:08:05.147223,21.0
1705,2025-03-26 10:08:09.294599,20.0
1706,2025-03-26 10:08:15.347389,15.0
1707,2025-03-26 10:08:19.500530,24.0
1708,2025-03-26 10:08:25.568174,14.0
1709,2025-03-26 10:08:29.720515,22.0
1710,2025-03-26 10:08:35.798820,21.0
1711,2025-03-26 10:08:39.941973,15.0
1712,2025-03-26 10:08:46.020962,10.0
1713,2025-03-26 10:08:50.150842,16.0
1714,2025-03-26 10:08:56.252403,18.0
1715,2025-03-26 10:09:00.372572,12.0
1716,2025-03-26 10:09:06.464723,18.0
1717,2025-03-26 10:09:10.598797,10.0
1718,2025-03-26 10:09:16.630914,18.0
1719,2025-03-26 10:09:20.774835,15.0
1720,2025-03-26 10:09:26.863714,18.0
1721,2025-03-26 10:09:31.134915,22.0
1722,2025-03-26 10:09:37.085294,11.0
1723,2025-03-26 10:09:41.223839,16.0
1724,2025-03-26 10:09:53.589900,14.0
1725,2025-03-26 10:09:57.735443,22.0
1726,2025-03-26 10:10:07.541639,20.0
1727,2025-03-26 10:10:11.652214,13.0
1728,2025-03-26 10:10:15.793780,12.0
1729,2025-03-26 10:10:19.923764,17.0
1730,2025-03-26 10:10:24.030845,15.0
1731,2025-03-26 10:10:28.166413,11.0
1732,2025-03-26 10:10:32.311488,17.0
1733,2025-03-26 10:10:36.444125,23.0
1734,2025-03-26 10:10:40.574637,20.0
1735,2025-03-26 10:16:34.073234,23.0
1736,2025-03-26 10:16:38.171820,17.0
1737,2025-03-26 10:17:14.056698,16.0
1738,2025-03-26 10:20:45.377961,13.0
